NFR_ID,Chapter,Requirement Title,Requirements Description,Control Title,Control Description,Provide a detailed explanation of how the requirement is fulfilled
NFR_1.1.1  ,Security,Use EntraID for User Authentication in Internal Systems,"User authentication for all corporate systems must be carried out using EntraID (Microsoft Entra ID), ensuring a secure and centralized identity management solution.",Use EntraID Centralized IdP for Internal IT Systems,"EntraID serves as a centralized identity provider, ensuring security by maintaining control over user credentials, enforcing corporate identity policies, and providing a consistent authentication method across all non customer facing systems.",
NFR_1.1.2,Security,Use EntraID for User Authorization in Internal Systems,"User authorization for all corporate systems must be managed through EntraID (Microsoft Entra ID), ensuring consistent and secure access control across applications.",Use EntraID Centralized Authorization Management,"EntraID provides centralized authorization management by defining and enforcing access permissions, roles, and conditional policies, ensuring that users are only granted the necessary privileges for their roles and responsibilities.",
NFR_1.1.3,Security,Enable Single Sign-On (SSO) Functionality,"All corporate applications must support Single Sign-On (SSO) functionality to allow users to authenticate once and gain access to multiple applications without needing to log in again for each application. Internal Applications must integrate with EntraID, thus external (customer facing) must use Enefit External SSO.",Use Single Sign-On via Centralized Identity Provider,"SSO functionality is integrated with EntraID or External Enefit SSO, providing a secure and centralized authentication mechanism that reduces the need for repeated logins, minimizing credential exposure and enhancing user convenience while maintaining security through centralized control.",
NFR_1.1.4,Security,Implement SSO with Secure Methods,"Single Sign-On (SSO) must be implemented using secure methods, ensuring that user authentication and session management are protected from unauthorized access and other security vulnerabilities.",Secure SSO Protocols and Encryption,"SSO implementation must utilize secure protocols, such as OpenID Connect (OIDC), OAuth 2.0, or SAML, along with encryption techniques to protect authentication tokens and ensure secure transmission of data between identity provider (e.g., EntraID, Enefit SSO) and applications.",
NFR_1.1.9,Security,Standardize Error Messaging for Authentication,"Authentication and registration processes must not disclose specific information regarding account existence or password validity. Instead, a single, generic error message should be presented to the user for all login failures, ensuring that potential attackers cannot gain insights into account status or credentials.",Generic Error Messaging Control for IAM events,"Enforce the use of a standardized error message for authentication failures, which does not reveal whether an account exists or if the password is incorrect. This reduces the risk of user enumeration attacks and protects user account information.",
NFR_1.1.16,Security,Implement Access Control for REST APIs ,"All REST API solutions must implement access control mechanisms by utilizing authentication keys. This ensures that only authorized users and applications can access API endpoints, enhancing security and protecting sensitive data.",Secure Authentication Key Management for API Access,"Authentication keys for REST API access must be generated, securely stored, and managed using industry best practices. This includes using strong, randomly generated keys, implementing key rotation policies to regularly update keys, and employing environment variables or secure vaults (e.g., HashiCorp Vault, Secret Server) for key storage. User Oauth2.0 or JWT as authentication mechanism",
NFR_1.1.17,Security,Scope and Define User and Service Access,User and service access must be properly scoped and defined to ensure that permissions are granted based on specific needs. Access control mechanisms must include the design and implementation of access control lists (ACLs) and role-based access control (RBAC) to manage and enforce access policies effectively.,Access Control Design,"Access control lists (ACLs) and role-based access control (RBAC) must be designed and implemented to define and restrict user and service access based on their roles and responsibilities. ACLs will specify which users or services have permission to access specific resources, while RBAC will categorize users into roles, each with defined permissions tailored to their operational needs. ",
NFR_1.1.18,Security,Protect Authentication Secrets at Rest and During Transfer,"All authentication secrets (including passwords, PINs, keys, salts, certificates, and access tokens) must be protected both at rest and during transfer. This includes strict policies to prevent unencrypted secrets in code, logs, or unsecured environments, and ensuring that secrets are fetched securely from a central vault.",Secure Management of Authentication Secrets,"Authentication secrets must be managed using industry best practices to ensure their confidentiality and integrity. This includes:

Prohibiting the use of unencrypted secrets in code, ensuring that no hardcoded secrets are present.
Dynamically fetching secrets from a centralized secret vault (e.g., HashiCorp Vault,  Secrets Server) to prevent hardcoding.
Storing secrets, keys, salts, and certificates only in secure environments, avoiding any unsecured storage solutions.
Implementing logging controls to ensure that no unencrypted secrets are logged, protecting against data leaks.
Using secure protocols (e.g., TLS) for all connections that transmit secrets, preventing exposure during transfer.",
NFR_1.1.19,Security,Implement Multifactor Authentication,All systems and applications that provide user authentication must implement multifactor authentication (MFA)  to enhance security.,Secure MFA Implementation,Multifactor authentication must be enforced for all systems and applications that handle user authentication. IT system that utilise Centralized IdP must ensure that MFA is enforced for the IT System scope.,
NFR_1.2.1 ,Security,Restrict External Code in Web Applications,Web applications must not include code that runs from external sources not hosted by Eesti Energia. This requirement aims to prevent the introduction of vulnerabilities or malicious code that could compromise the security and integrity of the application.,Dependacy Resiliency for Web Applications,All web applications must implement strict controls to ensure that no code is executed from external sources not hosted by Eesti Energia. Implement security measures such as Content Security Policy (CSP) to restrict the execution of scripts from unauthorized domains and to mitigate cross-site scripting (XSS) attacks.,
NFR_1.2.2,Security,Develop Web and Mobile Applications per OWASP Best Practices,"All web and mobile applications must be developed in compliance with the Open Web Application Security Project (OWASP) best practices. This requirement ensures that applications are built with security in mind, reducing vulnerabilities and enhancing overall security posture.",Adherence to OWASP Security Guidelines,"Application development teams must follow OWASP best practices throughout the software development lifecycle (SDLC). This includes:

* Utilizing the OWASP Top Ten list as a guideline for identifying and mitigating common security vulnerabilities during development.
* Conducting regular security assessments and code reviews to ensure compliance with OWASP standards and to identify potential weaknesses.
* Regularly updating applications based on OWASP recommendations and best practices to address new and emerging threats.",
NFR_1.2.3,Security,Protect Authentication Credentials from Exposure,"Applications must not expose authentication credentials in non-trusted locations, such as cookies, HTTP headers, or hidden fields. This requirement aims to prevent unauthorized access and protect user credentials from interception and misuse.",Secure Handling of Authentication Credentials,"Authentication credentials must be securely managed to prevent exposure in non-trusted locations. This includes:

* Implementing secure storage mechanisms, such as session storage or secure tokens, rather than storing credentials in cookies, headers, or hidden fields.
* Ensuring that sensitive information is transmitted over secure channels (e.g., HTTPS) to protect against eavesdropping.
* Utilizing secure authentication mechanisms, such as OAuth 2.0 or JWT (JSON Web Tokens), which do not expose credentials directly in requests.",
NFR_1.2.4,Security,Display User-Friendly Error Messages,Applications must display user-friendly error messages to end users that do not reveal any technical details. This ensures that users are informed without exposing sensitive system information that could be exploited by attackers.,Error Message Handling,"Applications must implement controls to ensure that error messages displayed to end users are concise, user-friendly, and free of technical details.",
NFR_1.2.5,Security,Manage Authenticated User Sessions Securely,"Authenticated user sessions must be managed securely, ensuring that session lengths are configurable based on data classification levels and that sessions can be revoked as needed to protect against unauthorized access.",Session Management and Revocation Controls,"Applications must implement secure session management practices to protect user sessions. This includes:

* Configurable Session Length: The duration of authenticated user sessions must be configurable based on the classification of the data being accessed, with shorter sessions for higher-risk or sensitive data. Session timeouts must be enforced to minimize the risk of unauthorized access due to inactive sessions.
* Session Revocation: Sessions must be revocable in real-time, allowing administrators to terminate user sessions when needed (e.g., after a password reset, suspicious activity, or user logout).
* Secure Session Storage: Session tokens should be securely stored using mechanisms such as HttpOnly cookies, and must not be exposed to the client side where they can be tampered with or intercepted.
* Session Monitoring and Logging: Applications should monitor and log session activities to detect anomalies or unauthorized attempts to hijack sessions.
* Session Renewal: Applications must provide a secure mechanism to refresh or renew sessions without compromising session security or exposing user credentials.",
NFR_1.2.7,Security,Encrypt Data Transfer Across Networks,"All data transferred across networks must be encrypted to ensure the confidentiality and integrity of the data. Encryption mechanisms, such as TLS 1.2 or newer, must be used, with a preference for the latest version of TLS to protect against interception and attacks during transmission.",Secure Data Transfer with Strong Encryption,"Strict encryption protocols must be implemented for all network data transfers. This includes:

* Use of TLS 1.2 or Newer: TLS 1.2 or higher must be used for all encrypted data transfers, or another encryption mechanism providing an equal or greater level of protection. The latest version of TLS should be prioritized as the preferred cipher suite.
* Disable Old Protocols: All outdated versions of SSL and TLS (e.g., SSLv2, SSLv3, TLS 1.0, and TLS 1.1) must be disabled to prevent vulnerabilities associated with older encryption methods.
* Follow TLS Best Practices: TLS deployment must adhere to industry best practices, ensuring that there is no fallback to insecure or unencrypted protocols. Secure configurations must be enforced to prevent protocol downgrades.
* Intermediate Compatibility Cipher Suites: Only intermediate compatibility cipher suites, as recommended by security guidelines (e.g., Mozilla's Server Side TLS), should be used to ensure a strong and modern encryption standard.
* Regular Audits: Regular security audits and updates must be performed to ensure encryption configurations remain current and compliant with evolving best practices and threats.",
NFR_1.2.11,Security,Encrypt Communication Channels,"All communication channels must use encryption in accordance with industry best practices to ensure the confidentiality, integrity, and authenticity of transmitted data.",Compliance with RIA Cryptographic Guidelines,"Cryptographic keys and cipher suites must be managed in strict adherence to the RIA cryptographic research guidelines to ensure the highest level of security. This includes:

* Key Length and Strength: Ensure that cryptographic keys meet the minimum length requirements  using 2048-bit RSA keys or 256-bit AES keys, or other key lengths as recommended by the RIA for both symmetric and asymmetric encryption.
* Approved Cipher Suites: Use only the cipher suites approved by the RIA cryptographic research guidelines, which ensure that encryption algorithms (e.g., AES, RSA, ECC) and protocols (e.g., TLS 1.2 or higher) provide adequate security and performance.
* Regular Key Rotation: Implement key rotation policies in accordance with RIA guidelines, ensuring that keys are regularly updated and replaced to prevent prolonged exposure of cryptographic material.
https://ria.ee/sites/default/files/documents/2023-06/Cryptoreport%202023%20final.pdf",
NFR_1.3.1 ,Compliance,Host Services in ISO27001 Certified Providers,"All services must be hosted by a service provider that is ISO27001 certified, ensuring compliance with international standards for information security management and safeguarding sensitive data and operations.",ISO27001 Certified Hosting Provider Control,"Services must be hosted in environments certified under the ISO27001 standard to ensure proper information security controls. This includes:

ISO27001 Certification Verification: Ensure that the hosting service provider maintains valid ISO27001 certification, demonstrating their compliance with international security standards and processes.
Regular Compliance Audits: Verify that the hosting provider undergoes regular third-party audits to ensure their continued compliance with ISO27001, including risk management, security controls, and incident response capabilities.",
NFR_1.3.2,Compliance,Service Must Be ISO27001 or SOC2 Type II Certified,"The service must be ISO27001 or SOC2 Type II certified, ensuring that it complies with the internationally recognized standard for information security management, safeguarding the confidentiality, integrity, and availability of data and services.",ISO27001 or SOC2 Type II Certification for the Service,"The service provider must achieve and maintain ISO27001 or SOC2 Type II certification to ensure a robust information security management system (ISMS) is in place. Subject service must be within the SOA of the certification This includes:

* Information Security Management System (ISMS): Implement and maintain a formal ISMS that covers all aspects of security, including risk assessment, security controls, data protection, and incident management, in accordance with ISO27001/SOC2 Type II standards.
* Regular Audits: The service must undergo regular independent audits to maintain ISO27001/SOC2 Type II certification, ensuring that the ISMS remains effective and up to date with evolving security threats and compliance requirements.",
NFR_1.3.3,Compliance,Host Service in EU or GDPR-Equivalent Territory,The service must be hosted within the European Union (EU) or in a region that enforces data protection regulations equivalent to the General Data Protection Regulation (GDPR). This ensures compliance with EU data protection laws and safeguards user privacy.,GDPR-Compliant Hosting Locations,"The service must be hosted in territories that adhere to GDPR or equivalent data protection regulations, ensuring that sensitive data is managed and protected in line with strict privacy standards. This includes:

* Hosting in the EU or Equivalent Territories: The service must be hosted within the European Union or in territories that provide adequate data protection as recognized by the European Commission, ensuring compliance with GDPR or equivalent regulations.
* Data Protection Impact Assessment (DPIA): Perform a DPIA to evaluate any risks associated with data transfers and hosting locations, ensuring compliance with GDPR requirements.
* Data Transfer Safeguards: If hosting in non-EU territories, ensure that appropriate safeguards are in place, such as Standard Contractual Clauses (SCCs), Binding Corporate Rules (BCRs), or other mechanisms that ensure GDPR-equivalent data protection.
* Regular Compliance Audits: Conduct regular audits to verify that the hosting environment complies with GDPR or equivalent standards, ensuring continuous protection of data and addressing emerging legal requirements.
* Contractual Agreements: Establish clear contractual agreements with hosting providers that explicitly outline their obligations to maintain GDPR-equivalent data protection standards and address any cross-border data transfer risks.",
NFR_1.3.7,Security,Service Must Undergo Penetration Testing,"The service must be regularly penetration tested, and no high or critical vulnerabilities may remain unresolved. This ensures that the service is resilient against security threats and meets the required security standards for risk mitigation.",IT System Penetration Testing and Vulnerability Management,"The service must implement a rigorous process for penetration testing and the prompt remediation of high or critical vulnerabilities. This includes:

* Regular Penetration Testing: Conduct penetration tests at least annually or after significant changes to the service. The tests must be performed by qualified, independent security professionals to identify vulnerabilities in the system.
* Remediation of High/Critical Vulnerabilities: Any vulnerabilities identified as high or critical must be remediated before the service is deployed or made available to users. Continuous monitoring must ensure that new vulnerabilities are quickly addressed.
* Vulnerability Management Process: Implement a structured process for tracking, prioritizing, and resolving vulnerabilities based on their severity, with high and critical vulnerabilities requiring immediate attention.",
NFR_3.1.1 ,Interoperability,Expose Data via Widely Supported Integration Interfaces,"The planned application must expose data access through widely supported integration interfaces, preferably using REST-style web services with OpenAPI format, to ensure interoperability and ease of integration with other systems.",Standardized Synchronous Integration Interface Implementation,"The application must implement secure and standardized integration interfaces for data access, ensuring compatibility and security. This includes:
Use of RESTful Web Services: Data access should be exposed via REST-style web services, which are widely supported and offer a lightweight communication model suitable for most integration scenarios.
OpenAPI Specification: The interface must use the OpenAPI format for API documentation and design, providing a standardized and widely adopted way to describe API functionality, enabling easy integration and automated tool support.",
NFR_3.1.2,Interoperability,Provide Data Manipulation Interfaces,"The planned application must provide data manipulation interfaces, preferably using REST/OpenAPI for synchronous data flows and Kafka or AMQP with Avro schema for asynchronous data flows. This ensures efficient, scalable, and standardized data handling and integration.",Standardized Data Manipulation Interface Implementation,"The application must implement secure and standardized data manipulation interfaces for both synchronous and asynchronous communication flows. This includes:

REST/OpenAPI for Synchronous Flows: Use REST-style web services with the OpenAPI specification for synchronous data flows, providing clear and well-documented interfaces for real-time data interactions.
Kafka or AMQP for Asynchronous Flows: Implement Kafka or AMQP (Advanced Message Queuing Protocol) with Avro schema for asynchronous data flows, enabling scalable, event-driven communication with structured message formats.",
NFR_3.1.3,Interoperability,Document Integration Interfaces,"Integration interfaces must be fully documented in formal contracts, preferably using OpenAPI for synchronous flows or Avro for asynchronous flows. The documentation must describe data elements, state changes, fault types, and recovery/retry possibilities.",Detailed Interface Documentation,"The application must ensure that integration interfaces are documented clearly and comprehensively in formal contracts to facilitate secure and reliable integration. This includes:

* OpenAPI for Synchronous Interfaces: Use OpenAPI to document synchronous interfaces, specifying all endpoints, request/response formats, authentication methods, and error handling.
* Avro for Asynchronous Interfaces: For asynchronous flows, document interfaces using Avro schemas, detailing message structures and providing well-defined formats for data interchange.",
NFR_3.1.5,Interoperability,Invoke External Web Services and Support Streaming Protocols,"The planned application must have the capability to invoke external web services, primarily using REST-style APIs. Integration with streaming and messaging protocols such as Kafka or AMQP is a desirable addition to support real-time data processing and event-driven architectures.",Secure External Web Service Invocation and Streaming Protocol Integration,"The application must securely invoke external web services and optionally support integration with streaming and messaging protocols. This includes:

* REST API Support: The application must support invoking external RESTful web services, adhering to standard HTTP methods (GET, POST, PUT, DELETE) and using well-structured response formats like JSON or XML.
* Authentication for External Services: Secure authentication mechanisms, such as OAuth 2.0, API keys, or JWT (JSON Web Tokens), must be enforced to verify and authorize access to external web services, ensuring secure communication.
* Encryption of Data in Transit: All data transmitted between the application and external services must be encrypted using TLS 1.2 or newer, ensuring the confidentiality and integrity of the communication.
* Integration with Kafka or AMQP: The application should provide integration with Kafka or AMQP messaging systems, facilitating real-time or asynchronous communication for event-driven data processing.
* Avro Schema for Messaging: For Kafka or AMQP integration, the data exchanged should be structured using Avro schemas, allowing for efficient, versioned, and compressed messaging.
* Error Handling and Retry Mechanisms: Implement robust error handling, logging, and retry mechanisms for failed web service invocations and messaging failures, ensuring that communication disruptions do not result in data loss or system instability.
* Monitoring and Logging: Ensure that all external service invocations and messaging protocol activities are logged and monitored for security, performance, and troubleshooting purposes.
* Rate Limiting and API Throttling: Apply rate limiting to external API calls to prevent excessive requests from overwhelming external services, ensuring controlled and stable communication.
* Versioning and Backward Compatibility: The application must manage API versions for external services and streaming protocols, ensuring backward compatibility to avoid disrupting existing integrations when updates are made.
* Access Control for Messaging Systems: Implement fine-grained access control for Kafka or AMQP systems to restrict unauthorized access to specific topics, channels, or queues.",
NFR_3.1.7,Interoperability,M2M Integration Authentication,"For internal network Machine-to-Machine (M2M) integrations, the minimal required authentication mechanism should be API keys. Token-based mechanisms such as OAuth2, or in some cases OIDC, are considered a plus for enhanced security and flexibility.",API Key and Token-Based Authentication for M2M Integrations,"The application must enforce secure authentication mechanisms for M2M integrations within the internal network, ensuring that all systems communicating internally are properly authenticated. This includes:

* API Key Authentication: The minimal authentication mechanism for M2M integrations must be API keys. API keys must be securely generated, stored, and transmitted, ensuring that only authorized machines or services can access the relevant resources.
* Token-Based Authentication (OAuth2/OIDC): Token-based authentication mechanisms such as OAuth2 or OIDC (OpenID Connect) are encouraged for M2M integrations. OAuth2 provides more secure, flexible, and scalable authentication and authorization workflows by issuing time-limited tokens. OIDC can be used when user identity and claims are involved.
* Access Control and Scope: Both API keys and OAuth2 tokens must have limited scopes, granting access only to the necessary resources and actions. Fine-grained permissions should be applied to minimize security risks from over-privileged credentials.",
NFR_3.1.12,Interoperability,Transmission of Date and Time Data with Time Zone Information,"All date and time data must be transmitted with timezone information in accordance with ISO 8601 standards, ensuring that UTC time format is used. Any exceptions to the UTC format must be discussed and decided on a case-by-case basis.",ISO 8601 Compliant Date and Time,"The application must enforce the transmission of date and time data with timezone information to ensure consistency and clarity in temporal data handling. This includes:

* ISO 8601 Compliance: All date and time values must be formatted in compliance with ISO 8601, which specifies a standardized representation of dates and times. This format includes the time zone information, allowing for unambiguous interpretation across different systems and regions.
* Use of UTC Format: The default format for transmitting date and time data must be in Coordinated Universal Time (UTC). This ensures uniformity in data handling and minimizes issues related to time zone conversions.
* Timezone Information Inclusion: Whenever date and time data is transmitted, it must include timezone information, explicitly indicating the offset from UTC (e.g., 2024-10-14T10:00:00.123Z for UTC or 2024-10-14T10:00:00.123+02:00 for a specific timezone). This aids in accurately interpreting and processing temporal data across various systems.",
NFR_6.3.3,Documentation,Common Issues Documentation,"Documentation must be provided that describes common administrative and user issues encountered in the application, along with solutions or troubleshooting steps to address these issues effectively.",Detailed Issues and Resolutions Guide,"The application must include detailed documentation outlining common administrative and user issues to facilitate efficient troubleshooting and support. This includes:

* Issue Inventory: Provide a comprehensive list of common issues faced by administrators and users, categorized by type (e.g., access issues, configuration problems, usability challenges).
* Issue Descriptions: Offer clear and detailed descriptions of each issue, outlining the symptoms, conditions under which the issue may arise, and the impact on users and administrators.
* Troubleshooting Steps: Include step-by-step troubleshooting steps for each issue, guiding administrators and users on how to diagnose and resolve the problem effectively.
* Preventive Measures: Suggest preventive measures that can be implemented to minimize the occurrence of common issues, including best practices and configuration recommendations.
* Contact Support Information: Provide contact information for technical support, including escalation procedures for unresolved issues or complex problems that require additional assistance.",
NFR_6.3.4,Documentation,User/Entity Lifecycle Documentation,"Documentation must be provided that describes the user lifecycle, detailing the processes and implications for user data when a user is deleted or deactivated, along with the necessary tasks and procedures.",Detailed User/Entity Lifecycle Management Guide,"The application must include detailed documentation outlining the user lifecycle to ensure proper management of user data. This includes:

* User Lifecycle Stages: Clearly define the different stages of the user lifecycle, including account creation, activation, deactivation, and deletion, along with the transitions between these stages.
* Data Handling Procedures: Describe the procedures for handling user data at each stage, particularly when a user account is deactivated or deleted, ensuring compliance with relevant data protection regulations (e.g., GDPR).
* Implications of Deactivation: Explain what happens to user data when an account is deactivated, including how long the data is retained and any processes for reactivation.
* Implications of Deletion: Outline the steps taken when a user account is deleted, detailing what user data is permanently removed and what data, if any, is retained for legal or auditing purposes.
* Required Tasks and Responsibilities: List the tasks that need to be completed during the deactivation and deletion processes, specifying who is responsible for each task (e.g., administrators, IT staff).
* User Notification Procedures: Provide guidelines for notifying users about the deactivation or deletion of their accounts, including any required actions they must take or information they should receive.
* Data Backup and Recovery: Detail any backup and recovery processes related to user data, ensuring that administrators understand how to handle data retention and restoration if needed.
* Compliance and Auditing: Ensure that the documentation includes compliance considerations, outlining how user lifecycle management aligns with organizational policies and legal requirements.",
NFR_6.5.1,Documentation,Documentation Language Requirement,All documentation must be provided in either Estonian or English to ensure accessibility and understanding for all stakeholders.,Standardized Language for Documentation,"The application must ensure that all documentation is consistently written in Estonian or English, promoting clarity and accessibility. This includes:

* Language Consistency: All documents, including technical specifications, user manuals, and system documentation, must be written in a single language (Estonian or English) to maintain uniformity and prevent confusion.
* Stakeholder Consideration: The choice of language should be based on the primary audience and stakeholder requirements, ensuring that all relevant users can effectively understand and utilize the documentation.
* Translation Guidelines: If documentation needs to be translated from one language to another, establish clear guidelines for translation to maintain accuracy and technical integrity.
* Review Process: Implement a review process for all documentation to ensure that it is correctly translated and free from linguistic errors, enhancing overall quality and clarity.
* Localization Considerations: Where applicable, consider localization aspects, such as terminology and cultural references, to ensure that the documentation is appropriate for the intended audience.",
NFR_7.1.3,Observability,Backup Verification Requirement for SaaS/Cloud Solutions,"In a SaaS/Cloud solution, the software provider must demonstrate the existence of backup copies of the application data to ensure data recovery and integrity.",Backup Verification and Documentation Standards,"The software provider must implement and maintain standards for proving the existence of backup copies, ensuring reliable data recovery and protection. This includes:

* Backup Documentation: Maintain detailed documentation that outlines the backup strategy, including frequency, types of data backed up, and retention periods for each backup.
* Verification Process: Establish a verification process to confirm the existence and integrity of backup copies, which may include regular audits, checksums, and validation tests.
* Backup Location Transparency: Clearly indicate where backups are stored, whether on-site, off-site, or in cloud environments, and ensure that these locations meet security and compliance standards.
* Data Recovery Testing: Conduct regular testing of data recovery processes from backup copies to ensure that data can be restored successfully and within an acceptable time frame.
* Access Controls: Implement strict access controls to backup systems, ensuring that only authorized personnel have access to backup data and processes to prevent unauthorized alterations.
* Notification Mechanism: Establish a notification mechanism to alert stakeholders in case of backup failures or issues, allowing for prompt resolution and mitigation of data loss risks.
* Compliance and Standards: Ensure that the backup processes adhere to relevant industry standards and compliance requirements, such as ISO 27001, GDPR, or other applicable regulations.",
NFR_8.1.2,Maintainability,Configuration Parameters Documentation Requirement,All configuration parameters must be thoroughly documented to ensure clarity and accessibility for users and administrators.,Detailed Configuration Parameters Documentation,"The application must include standards for documenting all configuration parameters, promoting understanding and effective management. This includes:

* Detailed Parameter Descriptions: Provide comprehensive descriptions for each configuration parameter, including its purpose, acceptable values, and default settings to facilitate user comprehension and correct usage.
* Categorization: Organize configuration parameters into logical categories or groups based on their function, making it easier for users to find relevant settings and understand their context.
* Version Control: Implement version control for documentation related to configuration parameters, allowing for tracking of changes over time and maintaining historical context for adjustments made.
* Change Log: Maintain a change log within the documentation that records modifications to configuration parameters, including the date of change, who made it, and a brief description of the reason for the change.
* Access and Permissions: Clearly outline access permissions for configuration parameters to ensure that only authorized personnel can modify sensitive settings, mitigating risks associated with unauthorized changes.
* Examples and Use Cases: Include examples or use cases that illustrate how each configuration parameter is used within the application, providing practical insights for users and administrators.",
NFR_9.1.1 ,Observability,Audit Logging Support Requirement,"The application must support audit logging to provide a chronological record of information system activities, including records of system accesses and operations performed.",Audit Logging Standards,"The application must implement robust audit logging standards to ensure comprehensive tracking of activities, which includes:

Comprehensive Audit Log Messages: Each audit log message must contain detailed information about the activity, including:
Who: A unique identifier for the user performing the action, ideally attributing the action to a specific physical person. Automatic processes must also be clearly identifiable by a distinct identifier.
What: The type of activity/event and relevant details, such as the object or component used, the method and input data, the activity data, file names, query objects, and the result of the event (successful or unsuccessful).
Where: An identifier for the information system, which helps pinpoint the exact application and instance where the action occurred.
Source: A unique identifier (such as name, IP address, device identifier, and/or device certificate) indicating the origin of the activity.
When: A timestamp reflecting the exact date and time of the event in UTC time zone, with a minimum precision of one second.
* Exclusion of Sensitive Information: Audit log messages must not contain any authentication secrets to prevent exposure of sensitive information.
* Log Retention Policies: Implement policies for the retention and management of audit logs, specifying how long logs will be kept and the processes for archiving or securely deleting them after the retention period.
* Access Controls for Audit Logs: Establish access controls to the audit logs, ensuring that only authorized personnel can view or manage the logs, thereby preserving their integrity and confidentiality.
* Review and Monitoring Procedures: Implement procedures for regular review and monitoring of audit logs to detect anomalies or suspicious activities, allowing for timely investigation and response to potential security incidents.",
NFR_9.1.3,Observability,User Activity Logging Requirement,The application must log the following user activities to ensure accountability and traceability:,User Activity Logging Standards,"The application must implement comprehensive logging for the following user activities, ensuring detailed records are maintained:

* Authentication Events: All authentication events must be logged, including both successful and failed authentication attempts to the application, to track access patterns and detect potential unauthorized access.
* Data Management Activities: The creation, access, modification, and deletion of personally identifiable information (PII), customer and business data, and other relevant business data defined for the IT service must be logged to ensure accountability in data handling.
* Access Rights Changes: Any changes made to user access rights must be logged, documenting who made the change, what the change was, and when it occurred, to maintain a clear audit trail of permissions.
* Password Management Activities: All password changes and password change attempts must be logged, regardless of the outcome, to facilitate security audits and investigations related to account management.
* Log Data Integrity: Ensure that logged data is tamper-proof, employing measures such as cryptographic signatures or append-only log files to maintain integrity and authenticity.
* Compliance with Retention Policies: Logs must be retained according to established retention policies, specifying how long logs will be kept and the procedures for secure archiving or deletion aft* er the retention period.
* Access Controls: Access to user activity logs must be restricted to authorized personnel only, ensuring that sensitive information contained within the logs is protected from unauthorized access.",
NFR_9.1.4,Observability,Audit Log Protection Requirement,"The audit log must be protected to ensure that it cannot be modified or deleted, maintaining the integrity and reliability of logged information.",Audit Log Integrity and Protection Standards,"The application must implement robust measures to protect audit logs from modification or deletion, which includes:

* Tamper-Proof Logging Mechanisms: Utilize tamper-proof logging mechanisms, such as append-only log files or cryptographic hashing, to ensure that once an audit log entry is created, it cannot be altered or deleted without detection.
* Access Controls: Implement strict access controls to the audit log storage, ensuring that only authorized personnel have permission to access and manage the logs, thereby minimizing the risk of unauthorized modifications or deletions.
* Audit Log Monitoring: Establish continuous monitoring of the audit logs to detect any unauthorized access attempts or suspicious activities, enabling prompt investigation and response to potential security breaches.
* Regular Integrity Checks: Perform regular integrity checks of the audit logs to verify that the logs have not been tampered with. This can include comparing the logs against a secure hash or checksum stored in a separate location.
* Backup and Recovery Procedures: Implement backup procedures for audit logs, ensuring that backups are securely stored and protected from tampering. Establish clear recovery procedures in case of accidental or malicious deletion of logs.",
NFR_13.1.3,Security,Custom Error Message Handling,The system must replace the default error message pages with custom error pages that provide meaningful information to the user while retaining the original HTTP response codes.,Custom Error Page Security Controls,"The system must implement the following controls to ensure secure and user-friendly error handling:

* Custom Error Pages: Each default error page (e.g., 404, 500) must be replaced with a custom error page that offers a user-friendly message and guidance for next steps, improving the user experience during errors.
* Original HTTP Response Codes: The original HTTP response codes must be preserved to ensure accurate reporting of the error type to both the user and any monitoring tools, maintaining the integrity of the web application's response behavior.
* Sensitive Information Protection: Custom error messages must not disclose any sensitive information, internal server details, or stack traces that could aid an attacker in understanding the system's architecture or vulnerabilities.
* User Guidance: Error pages should provide helpful suggestions, such as links to the homepage, search functionality, or contact information for support, to guide users back to productive actions.
* Consistent Error Page Design: All custom error pages must maintain a consistent design and branding with the rest of the application, ensuring a unified user experience.
* Logging of Errors: All errors leading to custom error page displays must be logged for analysis, enabling the identification of recurring issues and improving overall system reliability.",
NFR_13.1.4,Usability,HTML and CSS Standards Compliance,"The HTML content must conform to HTML5 (or later) and CSS3 (or later) standards to ensure modern web practices, accessibility, and compatibility across various web browsers and devices.",HTML and CSS Compliance Controls,"The system must implement the following controls to ensure compliance with HTML and CSS standards:

* Validation Tools: Use automated tools (e.g., W3C Markup Validation Service) to regularly validate HTML5 content for compliance with established standards, ensuring that all markup is correctly structured and free of errors.
* CSS Validation: Implement validation for CSS3 stylesheets using tools (e.g., W3C CSS Validation Service) to confirm that all stylesheets adhere to the latest standards, promoting best practices in styling.
* Responsive Design: Ensure that all HTML and CSS designs follow responsive design principles, allowing the application to function seamlessly across various screen sizes and devices.
* Accessibility Compliance: Integrate accessibility best practices (e.g., ARIA roles and semantic HTML) into the HTML content to enhance usability for individuals with disabilities, aligning with WCAG (Web Content Accessibility Guidelines).
* Cross-Browser Compatibility: Regularly test HTML and CSS across different browsers and devices to ensure consistent rendering and functionality, addressing any compatibility issues that may arise.
* Maintainability: Adopt best practices in code organization, including modular CSS and semantic HTML, to facilitate easier maintenance and future updates to the codebase.",
NFR_13.1.5,Usability,User Interface Browser Compatibility,The user interface for internally accessible applications must function correctly with the two latest major versions of the following web browsers: Microsoft Edge and Google Chrome. This ensures a consistent user experience and accessibility for all users within the organization.,Browser Compatibility Controls,"The system must implement the following controls to ensure user interface compatibility with specified web browsers:

* Testing Protocols: Establish a rigorous testing process that includes automated and manual testing of the applicationâ€™s user interface across the specified browsers to verify consistent functionality and layout.
* Version Monitoring: Regularly monitor browser updates and adapt the application as needed to maintain compatibility with the latest major versions of Microsoft Edge and Google Chrome.
* Fallback Mechanisms: Implement graceful degradation or progressive enhancement strategies to ensure that critical functionalities remain accessible in case of browser-specific issues or discrepancies.
* User Feedback: Incorporate user feedback mechanisms to report browser-specific issues, ensuring that any compatibility concerns are addressed promptly.
* Documentation: Maintain up-to-date documentation outlining the supported browsers and any known limitations or considerations for users accessing the application through those browsers.",
NFR_13.1.6,Usability,User Interface Compatibility Notification,"If the user interface launched by the application is not compatible with the user's browser, the application must notify the user in a clear, understandable, and instructive manner. This notification should provide guidance on how to resolve the compatibility issue, such as suggesting an alternative browser or a compatible version to ensure optimal functionality.",Compatibility Notification Controls,"The system must implement the following controls to ensure effective notification of browser compatibility issues:

User Notification System: Develop a user notification system that triggers alerts when the application detects an incompatible browser. Notifications should be prominently displayed and easily noticeable.
Clear Messaging: Ensure that the message clearly states the compatibility issue and includes specific details about the incompatibility, as well as the reasons why the application may not function correctly.
Instructional Guidance: Provide actionable instructions within the notification, such as recommendations for supported browsers or steps to upgrade the current browser version.
Fallback Options: Consider offering a fallback option or alternative interface that might function adequately even on incompatible browsers, accompanied by a notification about the limited functionality.
Feedback Mechanism: Incorporate a feedback mechanism for users to report any issues encountered, allowing for ongoing improvements to the notification system and user experience.",
NFR_13.1.8,Usability,External Web Applications Browser Compatibility,"The user interface for all externally accessible applications must be compatible with the two latest major versions of the following web browsers: Edge, Chrome, Firefox, and Safari. This compatibility ensures that all users have a consistent and functional experience regardless of their browser choice.",Browser Compatibility Controls,"The system must implement the following controls to ensure compatibility of externally accessible applications with the specified web browsers:

* Cross-Browser Testing: Conduct regular cross-browser testing to validate that the user interface performs correctly across the specified browsers and their latest versions.
* User Notification: Implement user notifications that alert users when their browser is incompatible, providing instructions on how to switch to a supported browser.
* Responsive Design: Ensure the user interface is designed responsively to accommodate different screen sizes and resolutions across the specified browsers.
* Error Handling: Establish error handling protocols to address any compatibility issues that may arise, ensuring users receive clear and informative messages.
* Version Monitoring: Regularly monitor browser updates and versions to ensure compliance and compatibility, updating the application as necessary to support new browser releases.",
NFR_13.1.9,Usability,Mobile User Interface Browser Compatibility,"The user interface accessible from mobile devices must be compatible with the two latest major versions of the following web browsers: Edge, Chrome, Firefox, and Safari. This compatibility ensures that users accessing the application from mobile devices experience a consistent and functional interface.",Mobile Browser Compatibility Controls,"To ensure compatibility of the mobile user interface with the specified web browsers, the following controls must be implemented:

* Cross-Browser Testing: Perform regular cross-browser testing on mobile devices to validate that the user interface functions correctly across the specified browsers and their latest versions.
* User Notification: Implement notifications that inform users when their browser is incompatible with the mobile application, providing guidance on switching to a supported browser.
* Responsive Design: Ensure the mobile user interface is designed responsively to provide an optimal user experience on various mobile devices and screen sizes.
* Error Handling: Establish error handling protocols to address any compatibility issues that may arise, ensuring users receive clear and informative messages.
* Version Monitoring: Regularly monitor updates to mobile browsers and versions to ensure compliance and compatibility, updating the application as necessary to support new releases.",
